Flow IAT Mean,Flow Duration,Fwd Packets/s,Flow Packets/s,FWD Init Win Bytes,Flow Bytes/s,Idle Mean,Label
1477425.2368421054,56142159,0.4452981581987255,0.6946651267900118,1024,48.982797401859806,159,ComingHome
18206532.4,91032662,0.0439402727781375,0.0659104091672063,1641,1.4060887289004027,12,Idle
21937.5,43875,45.58404558404559,68.37606837606837,460,0.0,2302,Interactions_Audio
2389.0,2389,418.5851820845542,837.1703641691084,0,36835.49602344077,1000000,Interactions_Cameras
29726.666666666664,89180,11.213276519398969,44.85310607759588,126,0.0,1797,Interactions_Other
28245.0,28245,35.40449637103912,70.80899274207825,0,4319.348557266773,1000000,LeavingHome
16186.176470588236,275165,36.34183126487744,65.41529627677939,29200,16244.798575400217,3088,Power_Audio
28232.0,28232,35.420799093227544,70.84159818645509,0,6021.535845848683,1000000,Power_Cameras
4877.333333333333,14632,205.0300710770913,273.3734281027884,0,0.0,3080,Power_Other
