Flow Bytes/s,Flow Duration,Flow IAT Max,Flow IAT Min,Packet Length Mean,Fwd Packets/s,Average Packet Size,Fwd Packet Length Mean,Bwd Segment Size Avg,Packet Length Variance,Packet Length Max,Packet Length Std,Flow Packets/s,Bwd Packets/s,Packet Length Min,Fwd Packet Length Max,Idle Mean,Label
958.7399417907892,116820,116820.0,116820.0,46.33333333333333,8.560178051703476,69.5,27.0,85.0,1121.3333333333333,85.0,33.48631561299829,17.12035610340695,8.560178051703476,27.0,27.0,1000000,BROWSING
3979.231076463366,135202,135202.0,135202.0,193.0,7.396340290824101,289.5,41.0,497.0,69312.0,497.0,263.27172275046934,14.792680581648202,7.396340290824101,41.0,41.0,1000000,CHAT
1.851005869927728,100485905,19789098.0,47.0,5.742857142857143,0.1990328892395406,5.911764705882353,5.300000000000001,5.714285714285714,40.13781512605041,15.0,6.335441194269773,0.338355911707219,0.1393230224676784,0.0,15.0,259,FTP
68047.58082079467,68296594,525482.0,0.0,723.677203363437,31.99281065172884,723.7899081140009,3.4910755148741446,1095.323418319169,390780.9197699064,1308.0,625.1247233711897,94.01640146212856,62.02359081039971,0.0,85.0,1,MAIL
3272.060017537592,123164,123164.0,123164.0,145.33333333333331,8.119255626644149,218.0,33.0,370.0,37856.33333333333,370.0,194.56704071690388,16.238511253288298,8.119255626644149,33.0,33.0,1000000,P2P
0.0,83755743,44997918.0,202062.0,0.0,0.0358184393397357,0.0,0.0,0.0,0.0,0.0,0.0,0.0596973988995596,0.0238789595598238,0.0,0.0,478779,Streaming
528671.3286713286,715,715.0,715.0,137.0,1398.6013986013986,205.5,33.0,345.0,32448.0,345.0,180.13328398716322,2797.202797202797,1398.6013986013986,33.0,33.0,1000000,VoIP
